{"pc_complete": 72.38805970149254, "num_moves": 5, "hold_validity": 75.0, "move_validity": 80.0, "climb_duration": 12.366666666666667, "total_distance": 757.19}