{"pc_complete": 98.45938375350141, "num_moves": 2, "hold_validity": 100.0, "move_validity": 100.0, "climb_duration": 2.7666666666666666, "total_distance": 541.17}